{"r2": 0.4700036796811493, "rmse": 176.377292388031, "mae": 133.36303403024328}